{"cameraMode":{"drawMode":0,"name":"Shaded","section":"Shading Mode"},"sceneLighting":false,"audioPlay":false,"sceneViewState":{"showFog":false,"showMaterialUpdate":false,"showSkybox":false,"showFlares":false,"showImageEffects":false,"showParticleSystems":false},"in2DMode":false,"pivot":{"x":-47.08646011352539,"y":2.0962789058685304,"z":-90.74112701416016},"rotation":{"x":0.1979885995388031,"y":-0.23292504251003266,"z":0.04515250027179718,"w":0.9518012404441834},"size":31.131214141845704,"orthographic":false}