{"cameraMode":{"drawMode":0,"name":"Shaded","section":"Shading Mode"},"sceneLighting":false,"audioPlay":false,"sceneViewState":{"showFog":true,"showMaterialUpdate":true,"showSkybox":false,"showFlares":true,"showImageEffects":true,"showParticleSystems":true},"in2DMode":false,"pivot":{"x":5.5843048095703129,"y":1.3236002922058106,"z":2.742870330810547},"rotation":{"x":0.11653111129999161,"y":0.8699421882629395,"z":-0.24668240547180177,"w":0.41093769669532778},"size":14.926257133483887,"orthographic":false}