{"cameraMode":{"drawMode":0,"name":"Shaded","section":"Shading Mode"},"sceneLighting":false,"audioPlay":false,"sceneViewState":{"showFog":false,"showMaterialUpdate":false,"showSkybox":false,"showFlares":false,"showImageEffects":false,"showParticleSystems":false},"in2DMode":false,"pivot":{"x":-56.1965217590332,"y":22.41517448425293,"z":20.732379913330079},"rotation":{"x":-0.21685688197612763,"y":-0.7099006772041321,"z":0.2509450316429138,"w":-0.6223955154418945},"size":0.9338831901550293,"orthographic":false}