{"cameraMode":{"drawMode":0,"name":"Shaded","section":"Shading Mode"},"sceneLighting":false,"audioPlay":false,"sceneViewState":{"showFog":false,"showMaterialUpdate":false,"showSkybox":false,"showFlares":false,"showImageEffects":false,"showParticleSystems":false},"in2DMode":false,"pivot":{"x":36.4286003112793,"y":-102.92839050292969,"z":-77.26031494140625},"rotation":{"x":-0.09092391282320023,"y":-0.9044058918952942,"z":0.3321587145328522,"w":-0.2545402944087982},"size":211.51968383789063,"orthographic":false}