{"cameraMode":{"drawMode":0,"name":"Shaded","section":"Shading Mode"},"sceneLighting":false,"audioPlay":false,"sceneViewState":{"showFog":true,"showMaterialUpdate":true,"showSkybox":true,"showFlares":true,"showImageEffects":true,"showParticleSystems":true},"in2DMode":false,"pivot":{"x":1.1450622081756592,"y":-20.95311164855957,"z":15.287214279174805},"rotation":{"x":-0.44856181740760805,"y":0.5487805604934692,"z":-0.4586329162120819,"w":-0.5363622903823853},"size":78.1480941772461,"orthographic":false}