{"cameraMode":{"drawMode":0,"name":"Shaded","section":"Shading Mode"},"sceneLighting":false,"audioPlay":false,"sceneViewState":{"showFog":false,"showMaterialUpdate":false,"showSkybox":false,"showFlares":false,"showImageEffects":false,"showParticleSystems":false},"in2DMode":false,"pivot":{"x":-55.3602294921875,"y":-50.65528869628906,"z":-78.8519058227539},"rotation":{"x":0.019380077719688417,"y":-0.9381072521209717,"z":0.34525948762893679,"w":0.041864436119794849},"size":116.40608215332031,"orthographic":false}