{"cameraMode":{"drawMode":0,"name":"Shaded","section":"Shading Mode"},"sceneLighting":true,"audioPlay":false,"sceneViewState":{"showFog":false,"showMaterialUpdate":false,"showSkybox":false,"showFlares":false,"showImageEffects":false,"showParticleSystems":false},"in2DMode":false,"pivot":{"x":1.5285539627075196,"y":6.781637191772461,"z":3.0682101249694826},"rotation":{"x":-0.02396034076809883,"y":-0.6532922387123108,"z":-0.027775149792432786,"w":0.7569301724433899},"size":10.232975006103516,"orthographic":false}