{"cameraMode":{"drawMode":0,"name":"Shaded","section":"Shading Mode"},"sceneLighting":false,"audioPlay":false,"sceneViewState":{"showFog":false,"showMaterialUpdate":false,"showSkybox":false,"showFlares":false,"showImageEffects":false,"showParticleSystems":false},"in2DMode":false,"pivot":{"x":-60.5836181640625,"y":25.73499298095703,"z":25.83576774597168},"rotation":{"x":-0.013780958950519562,"y":-0.9727779626846314,"z":0.22171123325824738,"w":-0.0758485272526741},"size":21.262088775634767,"orthographic":false}