{"cameraMode":{"drawMode":0,"name":"Shaded","section":"Shading Mode"},"sceneLighting":true,"audioPlay":false,"sceneViewState":{"showFog":false,"showMaterialUpdate":false,"showSkybox":false,"showFlares":false,"showImageEffects":false,"showParticleSystems":false},"in2DMode":false,"pivot":{"x":-51.4943733215332,"y":54.00582504272461,"z":27.573381423950197},"rotation":{"x":-0.25493091344833376,"y":-0.7190918922424316,"z":0.3440457582473755,"w":-0.5482985973358154},"size":10.232975006103516,"orthographic":false}