{"cameraMode":{"drawMode":0,"name":"Shaded","section":"Shading Mode"},"sceneLighting":false,"audioPlay":false,"sceneViewState":{"showFog":false,"showMaterialUpdate":false,"showSkybox":false,"showFlares":false,"showImageEffects":false,"showParticleSystems":false},"in2DMode":false,"pivot":{"x":-2.670253038406372,"y":2.1794071197509767,"z":83.50849151611328},"rotation":{"x":0.009163320064544678,"y":-0.9360061883926392,"z":0.35104405879974368,"w":0.024442877620458604},"size":6.741222858428955,"orthographic":false}