{"cameraMode":{"drawMode":0,"name":"Shaded","section":"Shading Mode"},"sceneLighting":true,"audioPlay":false,"sceneViewState":{"showFog":false,"showMaterialUpdate":false,"showSkybox":false,"showFlares":false,"showImageEffects":false,"showParticleSystems":false},"in2DMode":false,"pivot":{"x":-4.104590892791748,"y":0.7916233539581299,"z":73.5850830078125},"rotation":{"x":0.009313629008829594,"y":-0.9890172481536865,"z":0.07164783775806427,"w":0.1295907348394394},"size":18.784608840942384,"orthographic":false}