{"cameraMode":{"drawMode":0,"name":"Shaded","section":"Shading Mode"},"sceneLighting":false,"audioPlay":false,"sceneViewState":{"showFog":false,"showMaterialUpdate":false,"showSkybox":false,"showFlares":false,"showImageEffects":false,"showParticleSystems":false},"in2DMode":false,"pivot":{"x":14.624482154846192,"y":-35.741477966308597,"z":45.73573684692383},"rotation":{"x":-0.31495824456214907,"y":-0.14455905556678773,"z":0.04856183007359505,"w":-0.9368665218353272},"size":59.79905700683594,"orthographic":false}